{"rustc_fingerprint":13212830374977600038,"outputs":{"10376369925670944939":{"success":true,"status":"","code":0,"stdout":"___.exe\nlib___.rlib\n___.dll\n___.dll\nlib___.a\n___.dll\nC:\\msys64\\mingw64\ndebug_assertions\npanic=\"unwind\"\nproc_macro\ntarget_arch=\"x86_64\"\ntarget_endian=\"little\"\ntarget_env=\"gnu\"\ntarget_family=\"windows\"\ntarget_feature=\"fxsr\"\ntarget_feature=\"sse\"\ntarget_feature=\"sse2\"\ntarget_has_atomic=\"16\"\ntarget_has_atomic=\"32\"\ntarget_has_atomic=\"64\"\ntarget_has_atomic=\"8\"\ntarget_has_atomic=\"ptr\"\ntarget_os=\"windows\"\ntarget_pointer_width=\"64\"\ntarget_vendor=\"pc\"\nwindows\n","stderr":""},"4614504638168534921":{"success":true,"status":"","code":0,"stdout":"rustc 1.67.1 (d5a82bbd2 2023-02-07) (Rev1, Built by MSYS2 project)\nbinary: rustc\ncommit-hash: d5a82bbd26e1ad8b7401f6a718a9c57c96905483\ncommit-date: 2023-02-07\nhost: x86_64-pc-windows-gnu\nrelease: 1.67.1\nLLVM version: 15.0.7\n","stderr":""},"15697416045686424142":{"success":false,"status":"exit code: 1","code":1,"stdout":"___.exe\nlib___.rlib\n___.dll\n___.dll\nlib___.a\n___.dll\n","stderr":"error: `-Csplit-debuginfo=packed` is unstable on this platform\n\nerror: aborting due to previous error\n\n"}},"successes":{}}